id,Survivor
77d127d8-0a61-4b29-a18a-fc40a9dc07b8,TRUE
a952591c-dfd7-4cdc-913c-b20abc486551,TRUE
d2c5eed2-cb28-40e3-b285-f81402ba48bc,FALSE
eb668241-da49-464a-aa2d-fff95478424a,TRUE
22e9307d-df71-4eb2-a6c4-7daffee8204f,FALSE
a0ca6eeb-0dd4-40cf-9488-6e2cc2346d54,TRUE
2e66cecd-9eb5-475f-9eed-35264ef30db0,TRUE
7b8da4aa-a3e7-4c52-a721-31e034eef578,TRUE
ccf76e05-b817-4fbc-8416-e343e3c7efba,FALSE
30722bb9-4b55-4987-a40b-afd645edb485,TRUE
53f16acf-2a85-48bd-9595-e3ead861bbcd,FALSE
b2cd85af-0ee3-4365-a006-57ec2fdf6123,TRUE
7e65e7f7-92bf-4609-b9b9-bec54495b680,TRUE
759a3a5e-ffd0-4625-84e6-932df38e0f17,TRUE
79691f08-12df-493e-ad55-f89cb57100cc,TRUE
fa27d193-6b0d-469d-bf77-59453c870281,TRUE
5962e491-2915-45f7-b69a-771faa203843,TRUE
6156446f-718d-45da-aaa7-27dfd3325f60,FALSE
82d39ee6-05c2-473f-8747-06ad03f8ecb2,TRUE
6b11df57-a49c-4734-a9f7-2283ac90b3bb,TRUE
6df611f9-c040-49f8-a0e6-c649455375b9,TRUE
de5330b7-ec36-4868-a3a3-b08e6270bb27,TRUE
e3fc5b87-e6c2-4105-8099-61fbddb38c04,TRUE
78ed6596-0919-4094-8d23-55aa545e16de,TRUE
03a0be5f-83fc-4227-b2a9-d12a9d7d6890,TRUE
4b248615-9072-4f1f-bfe4-fd1ae903b9c7,TRUE
f7522b26-8dad-492a-a0b8-c7df36a2010f,TRUE
f0636ad2-9252-45cb-bca8-7c43f999cd08,TRUE
699ce19f-4754-48c1-860a-99dacdb9f36f,TRUE
dee79367-bfe7-41a0-a1f9-18064dd413de,TRUE
c6bc95bf-3583-4a4d-b67d-23653c12121f,TRUE
f30f10cf-b1df-44b5-92dd-48c9f695c450,TRUE
3d6d1c01-5994-44f4-8ee6-1bbacbd498c4,FALSE
1198c0e8-def3-4e4b-b154-13977593c967,TRUE
1e289936-5766-4fd2-b515-a6aa042d7e7b,TRUE
d10b6fb0-df84-405d-87af-6a6b5a8cc638,TRUE
fd03c0ba-ab24-47d9-bf74-99d41cc8eb70,TRUE
1df374f2-6f29-4068-a5ba-4ed25ae08a5e,TRUE
09e12bf6-3750-4e88-b59d-52be21278b9b,TRUE
f78217da-d162-40ea-b452-678a34bec068,TRUE
388c58a4-1b70-43a5-9317-0b1b308b86b5,TRUE
240cb66d-b74a-4872-9c18-d597b179fdc1,TRUE
0736e18e-e086-48c8-8af6-a3e0f4bc351b,TRUE
833b0dcc-a67c-4a2a-bee6-f61813323514,TRUE
d2839a9b-49a4-469f-bcf2-a8a1beb37a97,TRUE
2410d0a1-db0e-4f57-8ab3-704cc57ce9cd,FALSE
32422ec0-ab97-4903-ad9d-affa64c81cca,FALSE
54c47b72-3892-4d70-80dd-110a4d6d1d90,TRUE
f4a98e6f-3afa-4232-83e0-a33f7d099c94,TRUE
9f42368c-1ed3-4487-8275-d297ede0f22f,TRUE
f32bab3f-edfb-457b-9ec1-f62423a83251,TRUE
7a0dc1e9-b5a5-4ee5-a7a6-f14dbd2419d4,TRUE
171b0400-d991-4b7c-a2ef-11d446677580,FALSE
35cda3e5-bc26-4ba5-9aac-867d3645a444,FALSE
60524e1a-2441-4dee-93e1-7eeaec3ac7d4,TRUE
9bc2323c-0399-4224-af06-8b37b9b31aa3,FALSE
1995cde2-5f2c-4bf0-8dd2-5c2f48f8f69d,TRUE
3bd36c93-0edd-4c42-8b7c-ae1dfc1b0ece,TRUE
c43c1801-f078-48f1-9509-e260c6782dc9,TRUE
b599fd15-1d63-4dc3-9587-0783ce533e6f,TRUE
b8218852-e5b7-4779-aef8-6574a2335e3e,TRUE
e4169146-db83-4e3d-bb23-41d9758508f0,TRUE
e8252882-e692-4e2e-95e8-25d29e2b7c60,FALSE
3bb09574-16c8-406f-b24b-8148d8b51d74,TRUE
d7993325-a0db-4978-a58d-c2067abb619f,TRUE
73bf56f8-df1e-4023-b3a4-88bab4e2244e,TRUE
a2ee31b2-e0ac-49b8-9e44-5105be728991,FALSE
78b961fc-95f2-41bf-bc20-fb0bafa94e61,TRUE
fd40728f-7365-4992-bf10-cd4fa45dd7ff,TRUE
5d09a54f-4a39-42d0-9b35-3d6d89b9314b,TRUE
cedb64a9-aed3-4024-8d9f-e4651e2bab88,TRUE
0e6ef0c2-6c6c-42c0-96e3-56ac927f0163,FALSE
00647197-dcf4-4200-a4b9-ff0e83922c55,TRUE
dfe222fc-0b83-412c-9818-80f86f18e9cb,FALSE
423e9771-c901-4f1d-81dd-ab5804dd1281,TRUE
560be775-4dee-4475-bb71-86dda991e326,TRUE
9fdb6446-b2ab-469d-8e81-0c4c2590ddfc,TRUE
d1dcabee-b83d-4bed-b7a8-6e63f0d7e240,TRUE
243dc208-1300-4ac3-8e5d-ba3d63469701,TRUE
1d85d982-c862-4d1d-adb9-107d666740cc,TRUE
6d668289-9bf8-499e-8e99-69bee03215f7,TRUE
23c3b89b-cf2d-4080-9bfe-be146b3bbe2c,TRUE
ea64a36d-fa78-4370-b440-146f8229d673,TRUE
5598510b-a6be-49be-8aa4-b94af98c9c06,FALSE
2a791b91-4058-4cd6-b42a-c2104160de54,FALSE
354b133a-43a7-41bb-b8a1-55a80c8d53da,TRUE
9490ff34-f6c6-435b-8406-00e3416d7710,TRUE
864276ea-7647-4ede-90ea-5024bdfc3166,TRUE
67a78a89-53d7-47be-8294-c39a6f6f59d7,TRUE
7b74bd53-3101-4ede-ab88-ed46cd1e0ad1,TRUE
f6978e2c-411d-4f25-9834-9d27e489582c,TRUE
a599fb47-1a78-449d-b48c-3c9ba779a0f2,TRUE
eb86ba82-4db7-4012-9217-3c06d3e150de,TRUE
4d1e97b6-6196-4c33-8879-0a046b01fc77,TRUE
d8c13ca8-0d2a-4534-b3aa-ac9f218e71fd,TRUE
fb3d8766-b49e-4a4e-945d-b965e6d933ba,TRUE
4a68987e-0ff4-4068-af9c-ab2f02168886,TRUE
5c90a9af-ac4c-4983-9148-5d1c05377826,FALSE
6b301c83-2cd8-4088-90d6-de2596b9d2f8,TRUE
aed09c4b-7aad-4912-830d-5df28595c628,TRUE
6a181ce6-2262-4727-ada6-de25d0c1037d,TRUE
af62b14d-f4b1-44eb-b404-b470ffacb997,TRUE
33a3a61d-0d41-466b-987a-b94eb31fc3f9,FALSE
566abe6e-9680-441f-9cab-4ef5944b9f49,TRUE
b0d79d45-346a-481e-a277-831637d629a8,TRUE
000eb1b8-dc5b-4327-a9bd-2721c5c88104,TRUE
731fe179-4bb0-4c06-8e90-03734eac36e4,TRUE
5cfef7fe-bcc1-4a52-9ea7-454e95a3b13e,TRUE
d524d23e-6da7-4c90-8981-fa0eb9c540e2,TRUE
348869ee-ac89-4f97-b484-c23dbfe6bf5d,FALSE
cbd7b0cb-dc7a-463f-87df-bd43a3be8d26,TRUE
82af6060-1743-4a0f-8d48-9bc96b39c5cd,TRUE
c5be0ae0-d178-460e-8a30-8a3713b0d8aa,TRUE
f81fbb0f-a475-43a8-b5cf-29e9973cadee,TRUE
e7b9111f-2cae-42cb-851c-573518f1d9e2,TRUE
25ca8e5e-18d5-431e-8fdb-5c5b32920d2e,TRUE
7cd44199-d3fa-4f4f-9172-d6cd8c0e4a63,TRUE
76397742-377d-4802-9f44-e526753b2f32,TRUE
75d30fe6-7fe3-43cc-9da1-a3c1156cee78,TRUE
30d3b913-3913-42d1-a499-e0f318d1937d,TRUE
1b2f953f-71a0-4a26-b732-8aae21f6091f,TRUE
8e265616-e66b-41a0-8e31-10a370ffb0f4,TRUE
e4d0f1f0-0489-4780-88d7-52d900579589,TRUE
de3a6e05-785a-49a0-8267-ba9ae18f76c1,TRUE
87ea37f4-1bf8-4acd-a6ba-c1550e6fbcad,TRUE
a76cc92c-124f-4e6a-ae8a-9a862a8162e8,TRUE
486b787e-f4c1-4b2a-b910-33f56b9cbc55,FALSE
0a161b59-cbd6-40ac-a822-1797980fe2e6,TRUE
e092326b-4feb-4bd1-b79f-31a1cfc2f79d,TRUE
4ed6f5da-1c71-4cda-8a38-cdb9c15d832d,TRUE
66ddb03b-6455-4a9c-8fda-a0dfb35b170a,TRUE
60049ab9-70ea-4fa7-9101-f4289941d447,TRUE
9231f0f8-4766-424e-9787-5e5a3df8a649,FALSE
835364f7-f0f1-4f0a-b850-b3c07c4828d4,FALSE
8d109d00-50c5-4d03-beae-72d918627d43,TRUE
f1e63cda-516c-4899-b9f2-0353f9e6fdfe,TRUE
a0e1ac99-5f4f-456c-9f8d-e5f3d25529fb,TRUE
2aa02a71-ee56-40b2-b4a0-6922c0c6c288,TRUE
a1e64961-b7d8-4e24-8dc4-4c772b70e073,TRUE
fc596ed9-5d67-4be8-983d-f8f3068bef15,TRUE
e3c876cf-31d8-4641-8964-e7956fcb9b40,TRUE
547ea491-8999-4bbb-8acb-ad4d86bfd9bf,TRUE
af9e9278-c513-4138-96bc-a7bc468d4a2d,TRUE
253bc55b-a6c8-42f7-9b95-b8a994448390,TRUE
44052826-7420-4cc9-ac72-37fc8c8cb0e0,FALSE
8e93eb78-630f-45f5-9960-7e406c99e992,TRUE
be6250de-8662-498f-a5fb-32659adcce18,TRUE
188465fd-ceb6-4a0f-b231-05787fdac9aa,TRUE
66be3f19-9480-4d28-b269-3d7123f7e108,TRUE
231a3bb6-2e14-467a-b802-1a24e0dcafc8,TRUE
e1ec98de-72be-4f53-849e-189768c10cca,TRUE
6f3d1639-fce7-40d4-baef-1c6deaae316c,TRUE
418ad518-f617-4a5f-ad74-e6add36c1eb2,TRUE
570889a8-919c-4cd7-9a8d-e90905f8946c,TRUE
f4858d20-5846-408f-a55a-bbdbdf09a360,FALSE
fcf4d64a-7f1e-425d-aa2a-0b9af7572153,TRUE
4dd4174a-8256-4cf1-b9ce-c4370931e92e,FALSE
161556e1-766f-4c80-ba4d-b1d73dcd3794,TRUE
25a54f04-ed29-467a-b3d3-01c600150939,TRUE
ca4a38b2-cd34-4277-b2fe-34e94e156911,TRUE
b5d0257b-5de6-4717-832d-bd52cc92ffbe,FALSE
7fef5475-0bda-4ab8-8722-57428b88160f,TRUE
6b88cd2d-a566-47f1-b9a2-d1b4b06b68da,TRUE
bfa15a3f-8578-4249-adcf-7e3d2fa8a1d5,TRUE
bf8632b1-5e77-4f30-90c3-a46465e9eead,TRUE
18111789-e1e6-49f9-8a0f-dd39c2df4152,TRUE
8f415bf6-f338-4a47-b57c-1db5ce31d215,TRUE
0a5a1d08-cd1c-4891-978a-f8a9b25e1e00,FALSE
5646b116-2d93-40ea-ab53-d54238f35682,FALSE
b5ac1e46-4ad0-46a1-84b4-4941c6435abf,TRUE
43ae14f9-4b87-4057-aab1-4d49e68c7505,TRUE
3cdcb9e3-3095-417f-ae1f-94c720b11dc8,TRUE
88c4318b-d0c9-4be3-8aae-50f22e55616a,TRUE
654235ef-04c9-454e-a3c9-b55ddb530c13,TRUE
e3a5569f-9fa7-4af0-8a50-493ab4dc966c,TRUE
99b69d30-2323-43e3-a4c0-5a7ae2eb59ae,TRUE
b4b5b638-7d9a-43b8-a6d9-f30083022302,FALSE
26401544-654f-42ce-9f3c-8e07f7e0e111,TRUE
a0078bdc-fecf-4efe-9158-8c0496afd6df,FALSE
13ae8d91-393b-4173-addd-b1cc33b99192,TRUE
93bc4a1f-4c37-4e85-b495-7b5f48bec99c,TRUE
625477bf-7501-4c0a-b3e6-071cede60f2a,TRUE
6144b6f8-dbbe-4a74-a220-0f04dda324be,TRUE
f406f67e-0d42-4447-ac85-6ada48993f1c,TRUE
98a4781f-95bf-42f6-bf75-0f0c730b98df,TRUE
2b438315-5b9b-4532-aca0-ec674d681fef,TRUE
3a3d1ce9-2bce-49af-8870-a410a42381d0,TRUE
90e5d1b6-3b70-49bc-ac9a-085b7a237774,TRUE
cc67f17d-2629-48d7-bec1-77039e7809ca,TRUE
a327a774-9d58-4f85-875d-2bbb56c406d2,TRUE
2fd70f38-5ce5-4f34-be83-8d619ee3b7f8,TRUE
bc159da0-7f1a-4da8-a72b-602f66e39cd1,TRUE
4e442c7f-07fc-4269-8e48-79c582785b45,TRUE
fe04661b-da41-42d7-8dbb-81e0a8c15ce5,TRUE
f28019cd-679e-4595-891d-ecb118475999,TRUE
434f2337-b02f-4362-87d8-fec203251660,FALSE
a643ac1d-d69a-4d59-84ab-a3d57ef8cafa,FALSE
941a7ba7-ffdd-4637-b1a5-014fba8af7fc,TRUE
7cfb0d1d-3efc-4fbb-833e-e4fe6c0a5c54,TRUE
1b1417d9-3108-45bc-9489-884c8cf25374,TRUE
80c976f3-fbe5-491a-806f-ce797f359674,TRUE
225d7ae4-7abe-45a5-9e3c-908d7e796206,TRUE
27862da0-5eef-4a3f-9981-2e2a37bf811a,FALSE
663cda1b-a185-4ee4-b81b-20f564d51bb7,FALSE
95807676-fcd2-4a2c-b9b8-8e9bb7aef093,TRUE
68defa84-e3da-49aa-a834-89287d4195af,TRUE
ec545cd8-3d80-4305-8eac-c73bf75b5998,FALSE
e0a359a1-bdc5-4db2-9f7f-361128ef5d4a,TRUE
68010941-3fee-412a-9dd4-eec71691dbf8,TRUE
353fed3c-c1af-42ef-b743-03044a8135a9,FALSE
54e1032d-a15c-49d0-99fe-fbe75a92c725,TRUE
40f1f151-0cfd-4d1c-a654-524f010ce7fa,TRUE
1f527ef2-072b-461e-ad43-0a073ebaf227,TRUE
3f1aec9c-e9fe-4962-889e-d26068861be0,TRUE
09741160-6435-4da4-9847-99ec716f7527,FALSE
f5498743-2bed-4efe-914a-a8150105a599,TRUE
eef9e29c-4a5e-4b4c-ace3-1b01e77fa9a7,TRUE
6d5e2d76-7d49-499f-8141-3abe413ab349,TRUE
671150a2-d8df-4b0c-8c95-3f8ea7c13c7f,TRUE
f4d9d8fd-ac38-4f0f-9b1e-f40c6ed604ac,FALSE
e00d887a-8c16-456c-ae8e-2ed74350648d,TRUE
fbd476af-755a-45ec-824e-776827e14d86,FALSE
20d248fd-3461-4ab5-bcd6-9beffcba03eb,TRUE
a94b7c24-b2a1-4a1d-a544-9b72f38f16a8,FALSE
58dc5a8a-78b3-459a-8415-a6214c9fe97f,TRUE
84c0e3a2-86bc-4792-88e1-67d40aac5b63,TRUE
de9d9bc8-1626-4f11-b5ca-188306b3f595,TRUE
dac48c3d-3266-453f-9828-567b69f53c2f,TRUE
03b2c552-0171-46b6-ab85-79dab3f81a86,TRUE
d26746ac-6b80-4fcc-9a6f-38b7dbc46a60,TRUE
f3cb366d-4374-4e1b-aff5-2c0d04dd9912,TRUE
afc292e3-c064-47c7-bfea-49185e35bb90,TRUE
3f1dc709-61b2-498c-b441-2c8310201362,TRUE
2d15f210-e258-4ca0-88eb-b866082c4448,FALSE
17ad1f20-c298-48f2-95d8-94683252a068,TRUE
b0ae6b00-85a3-49f3-80be-c3affbcc7965,FALSE
71ba5975-367d-462d-8185-b4b60a969d91,TRUE
88f6ba04-0130-462f-954a-fe779a2c1e5b,FALSE
7a3a59e1-1ef8-45ce-a2b9-2dd7da5bf420,TRUE
2b1ce64f-cf2a-466a-93e7-6412d6f05b32,TRUE
002558ca-6a0c-48fa-a54b-b2b48e0e248b,TRUE
56acc53d-57dc-4c1f-989d-0bf56de3ec9d,TRUE
526391a8-0b3a-4602-970a-fd278004eced,TRUE
fc3ea6e0-2a53-4197-a9db-914bd010e44b,TRUE
7143a9ae-9f95-4b5d-8f23-4ec1d23e7b39,TRUE
a1a2ed59-b6c0-4d99-8400-c4f6af25a96a,TRUE
6f960075-41e1-4fd4-91dd-a1132426e9ae,TRUE
d153ecf5-e4ae-4c10-94f2-c20458b581fe,TRUE
e38c8deb-656b-4661-8a90-8e33308f06f7,TRUE
0223ee7c-8f56-428e-8cfd-3ed6f5bbfd1f,TRUE
36c69fd5-54de-4ff9-93c9-3c80f2cbf876,TRUE
5adc4b38-fbb7-43e9-b691-ad37458befd3,TRUE
a98bde93-8671-44ab-8152-150baaa6113b,TRUE
5b783cdb-1d9f-4a72-b04d-45f730ca5adb,TRUE
5afc5643-3175-4038-9d17-74606b22cda0,TRUE
5b07e764-cca4-4ff5-b2c1-7f5df07632a9,TRUE
276e75ab-c82c-4247-bdde-f097d254540c,TRUE
446ee3a0-f9ab-4dce-a69d-dc83639204b3,TRUE
9aa9bc15-90cf-452d-9207-e52ffd29d4ab,TRUE
60798029-e782-4d03-a6f7-a1587ffcff82,TRUE
589c6dd8-c062-4542-b2d1-934b57b2d012,TRUE
c3077f17-4965-4f33-99c2-51376402fc42,TRUE
02759a43-f8ea-4640-b29d-1757826f4ee5,TRUE
a3d80f29-549a-44a6-8439-76f2a02f8eb3,FALSE
b5d1534d-4e25-4a28-b88b-12370a228d4f,TRUE
73e98236-70d2-4813-84bd-1b05d0e20058,FALSE
6c6cc8a4-568d-4975-b023-7a257acbc12a,FALSE
30677a8c-4c4c-4ab3-b79f-0e3457294bae,FALSE
678bf974-95d2-4549-9203-42a1da35d8b8,FALSE
6b5117af-c060-4712-b646-68fd3ae8a9a2,TRUE
e2eb1d3a-6824-4af1-9d07-59a82b1287ec,TRUE
82cf3d96-77ac-4619-b80a-bb12dc28585c,TRUE
64b63ba2-c569-4de5-ab08-ca0348368198,TRUE
440ae4b0-06af-4f4f-afdc-5c1af77b60df,TRUE
4fa467cd-89ec-4109-a005-3f197ebcb571,TRUE
04e6504d-5b59-43c4-9b04-fe992f61c614,TRUE
1acdfa81-7d03-4e2c-a3a9-31de8b8b013b,TRUE
3f4c1ace-4300-4851-b5ce-b71cf83fa7d1,TRUE
f4e07be0-ac04-4a5f-a588-a4e69dcd0f40,TRUE
8edb6f7e-14f5-4404-bb4e-30baf9e1b153,TRUE
8de55af3-794c-41ba-b86f-2826584cc97c,TRUE
6ed9d0e1-db47-431e-96d9-b01f30a02e1f,TRUE
fbe473c7-6d9d-4c5b-a77c-277c9d9eb46e,FALSE
7713bbe0-b996-4f04-b932-ab0276da4171,TRUE
c4bb199e-fb41-4296-ab5b-55c97610297d,TRUE
d55206e9-c6c1-4bdc-9d33-9a0ef1602dc0,TRUE
26b15ee4-a589-4476-84a1-e75808dc9087,TRUE
39266afd-24c1-4abd-aa67-7eddc78f45c8,TRUE
0d247cef-f5ab-4041-a776-ba07d32f5fcc,TRUE
f7e5228a-c234-4e7d-ab20-ce8dbec9d188,TRUE
6ed4fc36-1a89-41b6-9014-392b3649231b,FALSE
0cae968d-dc56-4867-b4ba-08d16ae5e2be,TRUE
2460cdaa-35a8-4548-b256-0f3deba8ad8b,TRUE
5e931b1f-8d79-440b-9c5e-db21fd221ed5,TRUE
f0f9bed1-fe63-404c-8750-f929973b3f24,TRUE
ada7a808-a6de-49a4-98cf-87c6e4486c45,TRUE
f2bd8686-47b7-4a22-a8a4-eb10705735f7,TRUE
45a16de7-b289-4afe-b6e4-cd7245f27e94,TRUE
4b157409-1e14-4307-a8fd-2c48c83188f0,TRUE
960a622c-e3f5-49ab-984c-0da3fd88b318,FALSE
2937cd3a-93de-495f-aa65-aa39c8f4c065,FALSE
6920d09e-de3d-4a66-94af-ab44389b2ffc,TRUE
0304ca84-b0e6-48a4-80a3-0054a2ca6907,TRUE
915265ee-d2b6-4147-bfd5-1c67344bf7b9,TRUE
05344b56-4254-4580-89c4-693b56c746bc,TRUE
34cca3c0-a91a-4c70-a9a4-de2d20923cb8,TRUE
adb84e27-b225-406b-8e34-132889cb9bba,TRUE
b6b13cc1-0c3a-4714-9841-b2a0b43e03df,TRUE
b07b852e-989c-4a80-aa9d-f39e238a5407,TRUE
80241f44-3a8e-49d1-8d65-6751374fdb16,FALSE
85e208d4-98dc-4a9f-b9a9-4fbcecfe4936,TRUE
3cca9f23-0159-484b-bc42-10cfd7845062,TRUE
e6b060b0-b2b2-4f16-ae7a-6562bd8ff289,TRUE
a3dedd33-ef5b-4f7e-8bdb-abc1b5737792,TRUE
be142b95-a0e1-44c4-9341-331175c19137,TRUE
8a640beb-81b1-4f11-a1a3-8403fda8f8ff,TRUE
732f45c8-312a-43ec-adb1-567f460b122b,TRUE
6f98e077-90aa-4268-9595-4537288bde49,TRUE
e4ec5891-b051-4fb3-9e84-e88ad0140801,TRUE
a27be7f2-962a-4fb9-8a81-a56f0b74b625,TRUE
df6e6289-e032-4ff9-816c-17baa8e4480d,TRUE
a768fb21-ccc0-4a6f-9e6d-e2346acf121d,TRUE
d7420ff3-bbcd-4e73-bf01-f87a5ee02ead,TRUE
afbc5877-408f-41f2-99a8-0c6afbdc1613,TRUE
47740081-edf0-4ea0-a902-dadc629d42ab,TRUE
4f337281-1063-440d-b34a-9bc517b51c0e,TRUE
f094bc9b-aa58-4f4b-a6d9-47d2d2de83b6,TRUE
44c6b447-6ae2-4009-a0dc-40d57df37fea,TRUE
e8337974-0d50-477e-85a0-8816838657e8,TRUE
df26e72a-d9e0-4e41-b6c0-93643bc602af,FALSE
b7c57159-ced5-404a-ab3a-3a43fa7e36be,FALSE
49800b5f-c273-4845-93ec-1c60ddde0869,TRUE
a154506f-5ed2-42e6-868c-0930d67993c4,TRUE
1312b554-f12f-446b-bb90-3531d311105b,TRUE
6d40cc2b-fc2a-457a-884e-b3a98722892a,TRUE
c6690ff7-3a6c-4d1b-a9e7-957521cfe71c,FALSE
0bfcd62e-b0e8-4d74-9b3b-5dfec4010427,TRUE
d78b5edc-ba8a-45ac-a7f6-e5c1f369895c,TRUE
6a729ebf-86bf-4232-890a-f1b264214d7f,TRUE
1969456f-14f0-494a-b717-4e4afdb8a255,TRUE
0b734b3f-e3bd-4ca1-b001-40de72638abc,TRUE
92c6c1d5-62c5-4a21-b18b-5ca87d020fb8,TRUE
baee7597-2332-4b50-8a49-05def50f0d29,TRUE
257b92a5-5367-47cf-87e8-ab5f2c31e3eb,TRUE
177522c6-1a0e-4e94-a376-53153ccfff19,TRUE
0740e465-2522-4bbb-9e93-3318811c6eb0,TRUE
8a7033b4-0a01-4d76-9245-03a377408711,TRUE
14592bab-11b5-4601-8531-d316ca3eb1cc,TRUE
f80e5dad-6f6a-4444-97e5-5a8241fbf2fd,FALSE
a572e8dd-dc39-4e53-adac-050c201a4b96,TRUE
00fce9d2-da42-45be-9c6c-d559d7dfb6ef,TRUE
6cdaee20-9c45-4f00-b254-8f97511f5500,TRUE
b8134dcb-f8d3-448b-aaf6-1f25c9ded758,FALSE
9a390876-986a-428e-8883-e75a39ee047b,TRUE
fd973698-9227-498c-b0ff-ba40eca6eb97,TRUE
134076fa-e7f2-4904-b9f6-f603d4472675,FALSE
d8098754-62d0-4488-95cc-7122632d2915,TRUE
5fd5956f-188e-4f69-a9a3-0bf316109f55,FALSE
6f221392-2246-4de5-b4c5-7853d32ecb7c,TRUE
99adc922-a230-4e3a-b4f3-2e2e1c92bd44,TRUE
dca54887-0754-49f5-a804-cfa8b1587d99,TRUE
99389453-76dc-4e09-a712-be830d33a6f8,TRUE
8f19f9a0-0cf7-4ff2-bd0f-b45d880c920e,TRUE
4e2f3638-7059-48b9-88ee-61f0e50a65b3,TRUE
ca412baa-3fc9-4545-b4da-8d5d7358478f,FALSE
0e699c83-d36e-449e-9fca-012d08a30ebf,TRUE
6c90c3d6-4c95-4715-8922-e01b65f06d56,TRUE
d173c96f-d72e-4d96-9d5c-8a35b0ee2d06,FALSE
52562dc2-dfd8-44fb-a4d6-c3e174b21508,TRUE
6aec7868-8eed-4dde-85d1-4a4981069c52,TRUE
4711357d-30ce-454d-a3f3-9b215b1d4269,TRUE
ee02d4de-c62e-43e9-9cfb-c2e7fa7a5ab9,TRUE
62981591-8b51-49db-85fa-96ea3517220c,TRUE
4398898d-3d5a-47a9-bab7-9b22489311af,FALSE
734cd484-943a-4c3d-ab4f-e7d7e27cc839,FALSE
ce303584-534e-45ac-acbc-acca6ed958f0,TRUE
d01eb626-c667-4290-8b9f-16a0569c7f34,FALSE
061bafee-e6a1-4188-a903-3ff049be236d,TRUE
5dbe29f8-249f-457e-8aff-3bcc8343254b,TRUE
76b740cf-5dad-43e7-ac44-2e2dc630c85b,FALSE
0ea4000e-ade7-4a61-9e37-4e7aa96d8094,TRUE
19809ccb-97c1-457b-a1e7-c1b24243dc9e,TRUE
ae59e1c1-dbd8-42c5-b15e-03fe37e24f3d,TRUE
8c0789d0-c065-40d6-b52d-a96a19fa898c,TRUE
4b918039-eebc-4236-ba63-e0e914c2623e,TRUE
eef0b827-a280-47ca-8ad1-9523eade75b4,TRUE
866f86ea-dc44-4a87-860f-e9457e61e31c,TRUE
d665ef14-77c8-480e-b40c-3372d5fa0555,TRUE
19055abd-9888-48a6-bc3d-89320cc7da6b,FALSE
1511b7f0-6fdf-44eb-be5a-fc530e28b2b7,TRUE
04d3d272-4089-44a6-91fc-5e884180dac1,TRUE
9644ca01-d534-4010-9452-96d28a541758,TRUE
7d3ac1e0-6c7b-4229-9ece-70390e4a7406,TRUE
eff381d4-61d6-4603-bdaf-0475ecb945e5,TRUE
b7bf95a0-4347-4d55-b1e8-fecfe3f34b84,TRUE
e579ae39-870a-4746-ada9-cc0833524889,TRUE
855bdd2b-532a-41f5-911c-37a660cf298f,TRUE
76feabde-4c58-4f7b-8aaf-022a344fefe3,TRUE
12bd0f00-4e1e-40a9-8406-67c93c81ea48,FALSE
348fe2df-1441-44c4-8752-d3ce3c9792b8,TRUE
b949b45a-f7c5-44c3-9a47-4071df951e28,TRUE
cf01bd00-5685-4db3-97b0-4aed4fe36884,TRUE
6bb2b147-3f16-4b31-b3d0-c2043c4aebca,TRUE
1a9f2302-e587-4d7e-a053-4d0e6874e981,TRUE
edfaedb9-756f-43bf-9592-5dfd86194bee,FALSE
3acbd43c-3beb-4d2c-a710-0c60d7f4470a,TRUE
003c335a-9c7f-4181-bd2e-52105080024d,TRUE
3c2200a5-8249-4f63-ac13-8c7e786f06e2,FALSE
973a23c1-52b7-42c0-86ee-17b89e3adf17,FALSE
a0d50413-2121-474d-9457-13dcc072e66d,TRUE
a434214b-61be-44aa-a093-97afd097479f,TRUE
454e8f81-22f0-4682-9005-b60a3e36bf25,FALSE
57ccce36-3cb5-4894-bc70-5318e0f6ea7d,TRUE
d4f08e31-e9b1-4aa2-8d4a-d6610ac5ca59,TRUE
c4a67281-064f-4edc-b754-dbce4d41fdcd,TRUE
b0bb1435-af11-49de-a41c-720149d5262f,TRUE
32f7ce4d-6972-44fc-b10f-0f3b4c51727f,TRUE
8660e05e-8bd2-4252-9537-671e17f4d644,TRUE
a4a6ef59-80a8-4339-8a78-061125e17274,FALSE
6fd1575a-98dd-4042-a41d-76bfa0a4e0cf,FALSE
245ece4d-7ca3-43d1-b038-e8713780ff70,TRUE
ce9b844f-672c-4df9-8dc5-818bcc1ae47d,FALSE
9ae5b023-5a4a-4a47-b2e5-d0374e6f0886,FALSE
d43ef1b3-1be7-41ec-93e8-da8043db8fbb,TRUE
5bee81bc-df4e-41ca-9983-a057305f237b,TRUE
026408cd-5041-4e03-ac31-1b39087f57fc,TRUE
11e95e86-a248-4883-8147-2c3d193b61e3,TRUE
dbafefab-fbfa-4766-a3c9-5177a7f0cb1c,TRUE
b8a2c862-9827-488f-9b91-03e5368ae525,FALSE
ab07407e-97e9-4709-bfe6-810b4efdad50,TRUE
6882c77a-1b7b-4982-acbe-3013faadbc43,TRUE
b1922bf5-ad2d-409b-a208-9ab522495bec,TRUE
05a0891f-0e44-4c10-9f00-ea4807b02bfa,TRUE
a7effa5b-60a3-466a-808d-dacf360ffa53,TRUE
7b5efad3-d0db-4186-acfa-dac1e89acb6e,FALSE
e5cc7ce7-af3a-4ba5-9c67-82337e363716,TRUE
2ed2f961-ec5d-4bbf-a995-cc2eebbf2cd3,TRUE
a9062413-043f-439d-9100-6f1429caed2c,TRUE
8a7f03d7-cddc-41ca-bcf2-c4394c9f7dae,TRUE
aa338c0a-b113-497b-9521-5d962d8e3429,TRUE
6feca9de-49cc-47e9-bbf8-2c053d7bc2a7,TRUE
0c7b6935-4f58-4fdb-ad7d-9c1de7d5f214,TRUE
dfcd9d40-6086-410a-86be-fc389eab20b2,FALSE
bc9a305d-ab86-4b54-8a44-c1caff8e42dc,TRUE
6b362d0c-5c5b-4b8f-9279-39c1182c0d03,TRUE
a01f7fca-3c73-43ed-9f1f-cf861c121f79,FALSE
e6576d63-2297-4473-9d73-b7073c7b41f4,TRUE
ccb0987d-4d08-4080-833c-11bcde9a507a,TRUE
e4edf67a-e94d-4ae7-b98d-892bb70d872a,TRUE
466b776f-d834-437b-b229-2bd6193e08ff,TRUE
d7cb0d02-efc7-4a73-ad57-70149204dfed,TRUE
13a021e4-75ff-4497-b612-f79bd6556f1c,TRUE
911e2cac-f1ea-450b-8709-a00cf48f26da,TRUE
4eded915-c159-4d96-8309-0dedc3017c90,TRUE
c8e13342-9359-49ad-8259-e1ab98392aba,TRUE
aac6a082-9401-4228-818b-3af0bd7fc7e6,TRUE
f32e86d4-578b-4e33-8ee0-80a6a35ef1a8,TRUE
8839d2e9-f889-415f-8bc7-edeb5b1d03dc,TRUE
76b6fe63-d15f-43f4-8598-e7f156e93d34,TRUE
ddf9ee71-1a1a-4391-9c11-967cdbfd665d,TRUE
5021f8c3-62d5-4f33-8c11-1d9638714c45,TRUE
8a7a9913-9301-4df2-8b20-c69ac001ed23,TRUE
5a294b08-c07f-4daf-990f-5e90fd51e1b7,FALSE
cebba482-4da9-478d-a33d-0cfd849d3540,TRUE
a25dd815-1e8c-4544-85a0-717f491c8977,TRUE
61e4ab6c-f7a7-47fe-8cba-58dedf666fa5,TRUE
de1b5c4a-01da-4a39-93a3-b57e4e0176c4,FALSE
0be32b3b-9557-4188-bc56-953d49d749be,TRUE
00dbf747-add1-4e6f-bf5f-91afab53f879,TRUE
52d3c4ac-fdd1-4542-bac3-8c2fb51280b3,TRUE
850d90df-c80f-4d96-8f3d-c21133bedf11,TRUE
17ae043d-fb72-4baf-b1d4-0a6b98acfd0e,TRUE
7f9905a4-3480-407b-8c87-0c207f18b417,TRUE
809c68a4-7461-4c0d-ac5d-bedfa4c6ab06,TRUE
0ae4753f-8f5a-4f25-8609-2667a945275d,TRUE
a7114501-8351-4359-a329-fb9685f841b4,TRUE
5ecf5c5e-322c-4576-b153-1152282192b0,TRUE
a5d90814-2d46-4a8f-892b-84e56dfd17ca,TRUE
5d782439-35b5-4015-8919-c7eac865dd31,FALSE
b0d444bb-42c0-4ad4-801e-cbf0a1c161fb,TRUE
f50ff5ce-a55b-479d-bd63-7b485bca8d41,TRUE
89d9d8f2-a974-40aa-bb2e-bf6d755599fa,TRUE
c16490f8-f585-4f1e-a5d6-bd712e3f46cd,TRUE
cb9185ac-884c-42ac-9936-c80bfe4c9dcc,TRUE
d1e6357e-ea26-4fa2-886d-e266511aab45,TRUE
6251988b-f30c-449a-a70b-2d9237d5f4d4,FALSE
1c2ffce4-7ce0-4e28-a01e-891471a5b7df,TRUE
3a38e009-5ede-4b81-b038-eeb066d50f57,TRUE
ddff1b2c-1391-42cc-97c8-adef77b9da43,TRUE
ed8e704e-9278-4b63-a27b-4b9be195089a,TRUE
f71ff229-9c31-4639-aace-654d2d34da0b,TRUE
72a465fb-eeb4-4019-a812-4cddf3b59c2e,TRUE
2ba99c1d-4bdc-45c9-9bb8-6e7d99ebb0e3,TRUE
9546c773-ed9e-45af-bd84-05895d2ce380,TRUE
6da6e763-5b5f-4d14-9407-e9e1571df30d,TRUE
87417461-bc88-442b-a70f-37571adc65ba,TRUE
dcfcbe6a-bd14-4620-90f9-bb8d83737b4a,FALSE
22fce2be-c87a-4de9-ac27-3dc87d1ba16f,TRUE
c7319b35-efd9-494c-92db-4f4dc74fb1ea,TRUE
16d8a716-5699-46dd-897e-61e4e9229587,FALSE
4f3173aa-b743-4de2-b076-f86d628a43de,FALSE
b3482093-d215-453b-be02-709e19c96d5f,TRUE
285b0d4a-c5fc-4406-bc8a-1732031604f4,TRUE
ea2d5d6b-3a60-45ee-83ae-5600de081c45,FALSE
4cba68c9-3e12-4016-9ebe-60e7afb78941,TRUE
b81d6f97-add7-42c2-91e5-0c697d67d589,TRUE
1b0ad0b7-d454-4b59-95c4-fe0935385757,TRUE
fa45c693-968d-490b-927f-da3ab9cceae1,TRUE
03327e2c-04e6-40da-8959-6e5ed5c9c317,TRUE
bc18f57b-bdaa-4c84-b62a-5798d635fbda,FALSE
42b7414f-3e4d-4a15-88ce-8c8e8b47b37d,TRUE
0f2edafb-c3d9-4e0f-9c49-ff980eadd214,TRUE
a5647c87-5254-466b-ab90-2300e33f7dac,TRUE
207cb321-01c9-47a1-84b6-5f24b9ab4520,FALSE
1ae44318-20b1-4163-83e6-c9adb48ad9a4,TRUE
2ea64dc9-0677-4f98-bd58-1474754a6358,TRUE
d59cf1bd-0911-41e5-997c-e81e2a51bf0f,TRUE
0fb293e8-403b-4bc6-a7d0-c82b70e37b98,FALSE
e7a5a97f-04cd-4eaa-a929-f0fc562ddf2a,FALSE
0d95d80a-49fe-4e77-a091-c2ef989aea50,TRUE
05f575c8-57c6-4a77-abdf-abf7858ccdb3,TRUE
bd18c39c-dd15-4356-a5e1-f4bfe1489f45,FALSE
9f7b64c0-dea6-4873-a62f-0e7ae6cad33f,TRUE
ca0c8dd4-584d-4d62-8f69-4df4f68fcef7,FALSE
888cf6ae-a4fe-4026-aeb2-cc1fe728265b,TRUE
87bb5398-02fd-44df-ba2e-85142dd65ecc,TRUE
288db093-ac84-42c6-9121-1586881224d2,TRUE
070ec336-4812-4d1f-83b3-2d9dd55f92b6,TRUE
7b269aff-cf9f-4a74-883f-a49dcf16eae3,TRUE
793a29ce-55f5-4dee-ad30-b46560d863fa,TRUE
1d4c27bb-58a5-4709-b710-c656c2e85a7d,TRUE
1e08818f-690c-4ad3-8236-933859f7678f,TRUE
4fafc9da-1de2-48e4-a0fb-ef7c911e816c,TRUE
6430a8d2-55be-4093-8d8d-4a116e9a6a92,TRUE
78941298-ba7f-4ef8-9109-e54f66ceb702,TRUE
0d8d7b54-32d0-4480-a808-ee6e99dfea2f,TRUE
8aa95ed2-0b32-4ac7-b02d-291af49906fc,TRUE
fce60a6d-ad80-4c57-ae03-0d67666d96ae,TRUE
8103cd70-2f67-427f-8cd3-6ee461340d97,TRUE
d15f98e6-8f91-45d5-b648-6a2a09a8a819,FALSE
0580d03f-febc-4198-8dba-79d5a751148e,TRUE
b4bbcad8-e707-4822-9cac-9912d57db104,FALSE
39b299fe-bd6c-4988-a3bd-b51e5cf954aa,TRUE
b6c25e94-c6b0-4415-a8a2-6cecdf9b53bb,TRUE
e8d6137b-655e-49ed-9eba-0a0ca706932c,TRUE
796e8690-472d-42fb-b396-a84429bc5634,TRUE
6296c4ee-8dca-4780-ae14-cf382a5a2717,TRUE
f6f0589a-7ed9-4a5e-9273-9323eaa9523a,TRUE
e8067761-8acc-4a6f-9e13-ac712d8737f3,TRUE
9996c6aa-00c6-4501-97fe-54777a54369b,FALSE
198f61e4-b556-433e-9b51-cfb79a80b2d7,TRUE
d03290ae-ce67-48eb-84de-84a753eb4e36,TRUE
626fba43-14dd-4958-9724-8fad937ad71c,TRUE
aadd7d20-ef76-4a63-8dc8-62eeb21114cc,TRUE
e3d6db80-33fa-46b6-babd-fcfa2ac155a3,FALSE
59fa94ae-5737-435a-a11a-477d6ae0c0a6,TRUE
39d65b92-10c5-4299-a424-2efd52a22545,TRUE
1d740118-fb12-485a-acce-269c259010f2,TRUE
21ebdc51-8e80-407a-b535-af3638d8fcec,FALSE
b84dc418-b2a7-4b3f-8484-4a909d2a14e4,TRUE
37cc4e70-0bbf-4f21-9dd2-e40b459d74a3,TRUE
4c00d218-bae8-403b-b137-565c60efa3cd,FALSE
f4c1ff4f-bd6f-4c23-850b-cfe2ac2420b4,FALSE
21ed7064-0e06-49dc-be12-b56bd69a4f71,TRUE
b3230b41-7056-400e-8bfd-6a5d277b6c26,TRUE
f97a898f-9ae0-4ad2-a3d4-aca07db20d29,TRUE
1d23f181-d5ef-4c98-836f-afe23cb14c31,TRUE
627170c7-2237-4587-b907-59cbb9291712,TRUE
2efa713f-2a06-444d-95ba-9e0616403110,TRUE
4b09ead2-1e5f-42db-8fb2-07179b6771e6,FALSE
b4c8fdea-539e-419d-be7b-a92b63a327e7,TRUE
51fad4e6-8b7f-433a-bb71-637347bc12fe,TRUE
14ad7c88-79a8-43d4-bdaf-84e63692991c,TRUE
7acf6546-968a-4c1b-ac82-9f60826f3342,TRUE
b167ac39-38c2-435e-aedb-5cac0342515b,TRUE
9a040b80-13ee-4f4b-8128-276ea25e4f4b,TRUE
8fe04953-6cb3-4c0b-b21b-58a478c20899,TRUE
a676b7ca-f475-4837-aa88-a4152d6a3e9b,TRUE
72fc8ad1-948e-4787-bf34-0fb73c295407,TRUE
110e839d-d383-4a63-809e-25fb7c148886,TRUE
fed5d5a2-8704-49f7-a2af-255efa1148eb,TRUE
dd12d3b2-0324-4719-ba20-3afe63f5545b,TRUE
52faac97-46d5-458a-8d19-ae3ef13a7e44,TRUE
140a3755-33a1-48b6-9cc8-854be607150e,TRUE
9e5b07d3-7d19-42cd-a73c-9b7ce84e0b67,TRUE
e4f5ea99-fe28-4db9-a05c-e2477398d87f,TRUE
267b81fd-8e73-43ea-b021-c52627cf523d,TRUE
8f7996d3-08ce-4b21-8d54-424ddecf403a,TRUE
f1118c7e-b9ec-4cdb-9886-1bf75b7670cf,TRUE
9cb30835-142a-413b-b6bf-94d9a6954530,TRUE
45fd226f-e2a3-417d-80ef-09c3d9b00623,TRUE
d3153e40-a910-4cf0-b1af-bd4d5010bf9e,TRUE
ca009785-69c5-4030-8849-93dbb0f7de04,TRUE
89d5f81a-c718-42b1-be86-40f3ecbdfa50,TRUE
04b21413-ff50-4b7c-848d-e7a17aec0e64,TRUE
04f24902-afd6-40a0-b6b8-4203c7b9edaf,FALSE
2a8d2a32-496f-4032-a89f-656faebdaccb,TRUE
0ec6414f-7189-4d73-82e8-cb04403d9634,TRUE
8b15d57f-d27c-45ec-81c4-99fd5ff7f330,TRUE
89f6a103-2fc3-4cdc-a057-7c07dd9dcef9,TRUE
8b6df9b5-5c09-4a7b-b64e-411e33773851,TRUE
70a54b1c-035f-444c-81d5-ba6c41e279d0,TRUE
1982214c-f685-457f-bbe7-a6c5b3c64343,TRUE
493df092-4f6b-433f-80be-21d60d75bc9c,TRUE
1a0b7086-49a1-4c1f-86b3-8ad5567fd65a,FALSE
b9d8f6c0-6bd4-4f97-a776-e61422ea5224,TRUE
08ee0030-d128-4a9c-9ab0-45147eb3e852,FALSE
f6a2577d-44a0-4c46-83e3-0cae9dabdfb7,FALSE
bb70f640-000e-4da9-ac45-53e23bdcf95f,TRUE
fbc3e93d-38a0-417e-9604-83ecd59d33ab,TRUE
a991a305-06b0-4717-b012-709863c92924,TRUE
d19da33d-0036-4245-9cb3-45ec67abe99f,TRUE
bf81e384-6745-422e-966b-2b19b8aee860,TRUE
4a9bf145-dc04-419f-a244-c3b794b55757,TRUE
5fe754ca-3fdd-4484-b75f-9088b57fb937,TRUE
addde4af-3266-4026-ab8f-82104ddf5e1e,TRUE
2ae7660c-9c9c-4f5b-bb31-5edf03ca3977,TRUE
1260a7f0-84bd-4b1f-b1d7-0a0227bd1212,TRUE
57a8b1ad-f4ad-43e6-b729-1c9362407a0d,TRUE
24164726-c5e8-4141-862e-bc5d7b0c9774,TRUE
f7c33a0e-8bd3-423d-8d3b-fd5cd439534b,TRUE
3576d607-80d1-4b0e-a5da-832d123ba274,TRUE
d1cf730a-fac2-4951-bc0a-0a2382d3f255,FALSE
bcff0059-720c-4ae1-942c-aac92370d5cc,TRUE
9d346996-648f-48cb-9f07-e77d69a0d409,TRUE
75e8f4c4-5ed2-4816-a47f-00a485a786de,TRUE
f02d78de-f324-4c7a-924a-1949aba1b842,FALSE
fd3802e6-330a-4645-b368-c030131e50b3,TRUE
c196eddb-2625-42f2-8458-580d00de6ad2,TRUE
cb894d6d-2b5a-4355-814e-07aca6bf65dc,FALSE
7fd7df90-cbba-48d4-8dc4-6fdfc1d2d4ce,TRUE
c5ac1cf3-53bb-4c97-9db7-691f819901e7,TRUE
ed2ca7bf-af83-4e73-bbfa-64133b16a62e,TRUE
400af997-fdc7-454b-aad8-797eaf4d4c75,TRUE
35cc4db5-aa96-4e02-91ff-11279e649010,TRUE
125d2aff-4cdd-4065-896a-7d3b3a81f79e,FALSE
ccb4c6e1-de08-4fe5-b389-7d8f543ac261,TRUE
51086a86-ed38-4480-ac13-c36eff131d0f,TRUE
549885e3-300b-4946-be8d-e42b26945bae,TRUE
b5d99861-e33c-4676-a243-cc1e5942d927,TRUE
46c76d38-061c-4d48-a04c-d82c975e5a06,TRUE
dfe3ddba-9805-41b8-975c-b7a8fa16d6dc,FALSE
379d95d3-5438-4d65-9819-29fcbfa539dc,TRUE
d8de84f1-a9ae-423b-8e36-d9e4a70803b0,FALSE
732f6571-a0f9-4063-9ebc-787942b23982,TRUE
b5b5711a-930e-45fc-8465-21aa76a0d4a9,FALSE
bea80498-d955-4cda-bdd3-ad7486131288,FALSE
8c4f0d4f-80c2-4c82-b119-f3e90d0aad4e,TRUE
bbb7b3cf-20fa-45bb-addf-7f65d0ed6d37,TRUE
612a821d-5179-4151-be3b-6f5a4697d38b,TRUE
cb57ff9e-1482-4663-8015-01e0549251d3,FALSE
5ac3ad13-0651-4282-91a4-24ce64599c96,TRUE
202df363-7bdf-4222-8579-3042e1a1a559,FALSE
86d62382-d2db-4d65-8ce9-d1e315d35323,TRUE
ac91ef8d-8c0f-48aa-8375-6a7a4e785ea8,TRUE
d4ddd03c-fa8c-42ac-a48e-0e62a21fbb3c,TRUE
4eb3cab9-05d9-4b2d-96a7-ccdee2d7bc57,TRUE
831875a9-547f-47a6-9759-a7dacc5bae6d,FALSE
e96546f7-d288-4fdc-9d73-9ed008c371fb,TRUE
a23afc4b-7ffd-4b43-8291-be78a2c64cfd,TRUE
0d32a5d1-6b6a-4065-978d-91ab0376677f,FALSE
a61a8573-8d0e-4192-bca0-b803c23c57b6,FALSE
c53cea12-5957-42b2-ac25-972849168918,TRUE
df9e4f10-befd-492f-aab1-02008a8cf6e5,TRUE
c0ebf2eb-4c82-4b79-9901-770f14d05f4e,FALSE
d65183c2-227d-45ca-a98a-58460b44e773,TRUE
2c1343f5-15d8-4638-8ba4-af363923c3be,TRUE
8098c63e-527d-4d1b-9c01-152b1354423e,FALSE
f72a5f3e-f221-4a7f-beab-d1eda04093eb,TRUE
04af7c20-17ef-4a22-b2e8-a36b69f8626d,TRUE
ba698241-12d9-4575-926e-38f949b58a07,TRUE
72970a62-8828-4d0f-921a-48a5867ce33f,TRUE
520070c8-2c03-443d-b272-ce7df5125a09,FALSE
b7186469-861a-4b4e-b76d-7793dea3c81f,TRUE
e46639b8-5796-432d-8ad6-66809a4faadf,TRUE
40467ede-2b85-4586-a4f4-2b0422edf05d,FALSE
4e61a852-7dff-4993-9e43-10ccc90ed91a,TRUE
04675a82-b592-4c97-869f-d721a87f89fb,TRUE
ff0aa538-526d-4de5-98b1-3422b8fe11a7,FALSE
0bc556a0-65a4-4791-88dc-4068cbae190a,FALSE
e091705c-f47f-4076-9d5e-b26790d360b0,TRUE
7c7070e8-1b1c-4b55-82a1-2022f33e9e84,TRUE
67eb7a16-97ea-46cc-9773-f93e94ec76bc,TRUE
f7d17c72-b541-4907-9b94-8528ff387d59,TRUE
44fc1234-25d3-49ad-b81a-ad28e0796df8,TRUE
6893ff59-3f3e-4abb-b1b2-9a2226ddcec5,TRUE
43e6773b-1674-4583-b5c7-ecc9c9c04e4e,FALSE
18fa46f3-a4fb-46c5-9ea3-4a4089b4325b,FALSE
d1f151f1-070d-47f5-93f7-9f31180106b7,TRUE
92a2fbfb-ac05-4c2e-a1db-4bc13f220020,FALSE
73bbb3df-f057-4f4d-b4e2-d74366d820a9,FALSE
22424dc1-1d8d-4209-8e49-fba98c6d2058,TRUE
3be23550-bddc-4f7c-a403-f5af5e7c9ea6,TRUE
37a4a7ae-0b5d-446a-90d5-cd5da4de9182,TRUE
bd8283ff-43bb-4dbb-8beb-b28fd914da48,FALSE
ad7ad44e-c0ad-4a27-92a4-0c4db2ff8697,TRUE
9dba9c7f-e6f5-4a4e-81f5-6ef588ea0fd8,TRUE
caacd7b6-316a-4ed4-a878-9651690a22e5,TRUE
e87fe616-f861-4b14-a2e2-6841c2240cfd,TRUE
90c435dd-bffa-481b-89d5-afbd1279d76d,TRUE
0222f3f8-a70e-419c-9eb1-e2e92cc3069b,TRUE
0e0006f7-6d3f-4b46-af3e-50318bfeac0a,TRUE
ef89bd10-af91-4f30-b4ab-75083100b02b,TRUE
a3a07226-182f-43a9-bac2-ffc1253c23a8,FALSE
d08ad45a-09ef-4791-a30e-57858be1550e,TRUE
15ed1a0c-a2b2-44db-9ff0-208ed03c3e45,TRUE
a9f30460-10ab-456b-8420-c331846c0756,TRUE
c5aff15d-2562-4808-aa14-253bda0b5e98,TRUE
9290e337-bf3c-427d-9bf4-6bec6efbbfcb,FALSE
adeb156a-32f7-439f-a39c-a98179920c87,TRUE
cb70fb61-425b-4a4b-9750-58a7746e087a,TRUE
e2bc01b1-001a-4319-9cc1-a869e1cb2edd,TRUE
67f46cd6-2931-461a-b2bb-ee87bb3e03cd,TRUE
366a8c4a-f4b4-4bd0-9d38-47f7f36bc4e1,TRUE
83e9c4ad-c669-4dd2-934c-1f02c19b9986,FALSE
06f85d87-ce76-499b-9a41-ff61fc5e3dd2,FALSE
a0aa6eb8-bc44-46a4-9e2b-b2873ce416bf,TRUE
0f90716a-5c96-4655-83a6-eca1f2d9fad9,TRUE
3225eb76-f531-40f6-9181-529a8b808942,TRUE
1549bbd7-b7cc-4b49-89e4-f10638d28717,FALSE
bb462137-ee43-42a2-bc25-82a78477cd46,TRUE
2a27946f-694a-4a21-9f68-bf2f6c537f39,TRUE
71b6681a-cd6b-48c4-b565-864ceeef3dd4,FALSE
5b68e7b2-f10a-453e-8767-39d8023a9282,TRUE
d38fe824-0021-44ca-9b87-56c06b593c0a,FALSE
338202ed-e5b9-4e3d-a3cc-22f59be063a4,TRUE
4d7b9b4f-3fa7-4c66-b2c2-3ff45deb8dbd,TRUE
53a2368c-a683-4732-b8dc-7468a481ce10,TRUE
dc6aa0f1-8807-4147-bdfd-cbbe3ae5492f,TRUE
7f4c948b-e1c7-4a82-bdab-0f0404cce6d1,TRUE
e5b15d8a-263d-45fa-9fc4-ba6b093fb2d7,TRUE
9c1c2aa3-9dcb-493b-bdb4-204c4217ce84,TRUE
46c7cee5-2142-4a13-97c7-46e16a35f553,TRUE
fe354ff4-fc8e-43f9-b818-df8c3f78aaa0,TRUE
6056bbad-a264-46b1-b137-bb1b711b6b7e,TRUE
0bf366e4-8949-405f-865e-ffa3f909981e,TRUE
